{"step": [0], "avg_reward": [2.3920319080352783], "best_score": [2.3920319080352783], "stable_rank": [21.914849281311035], "avg_train_score": [2.3920319080352783], "avg_val_score": [NaN], "policy_loss": [-0.1332923024892807], "value_loss": [0.06919201463460922], "entropy": [3.571842908859253]}